,coffee_title,review_text,more_information
0,Cerutti Â«il CaffÃ¨Â» Milano,"Vollmundig, gehaltvoll, schokoladig und leicht nussig im Geschmack.",https://kaffeezentrale.at/de/marken/cerutti/Milano_1000.cfm
1,New York Extra (Bluemountain) ,"schokoladig, voll, rund, lang anhaltend",https://kaffeezentrale.at/de/marken/new-york/Extra_Bluemountain_1000.cfm
2,BlasercafÃ© Lilla e Rose,"Ausgesprochen angenehm rund, aber sehr wuchtig",https://kaffeezentrale.at/de/marken/blasercafe/Lilla_e_Rose_1000.cfm
3,Black and Blaze Premium,"Schokoladig, zartbitter, sehr sÃ¼ss und vollmundig",https://kaffeezentrale.at/de/marken/black-and-blaze/Premium-1000.cfm
4,CaffÃ¨ Ferrari Espresso Milano,"kraftvoll, aromatisch, sÃ¤urearm, lang anhaltend",https://kaffeezentrale.at/de/marken/caffe-ferrari/Milano_1000.cfm
5,New York XXXX,"intensiv, vornehm, aromatisch, schokoladig",https://kaffeezentrale.at/de/marken/new-york/Extra_XXXX_1000.cfm
6,Rast Kaffeemischung Premium,Zusammengestellt aus den besten Arabicas der Welt,https://kaffeezentrale.at/de/marken/rast/Kaffeemischung_Premium_1000.cfm
7,Quarta CaffÃ¨ Argento ,"Stark, Ã¶lig dunkle Bohnen, sÃ¼ss mit rauchigen vollmundigen Abgang",https://kaffeezentrale.at/de/marken/quarta-caffe/Argento-1000.cfm
8,CaffÃ¨ Ferrari Espresso Napoli,"kraftvoll, wÃ¼rzig, rassig, lang anhaltend",https://kaffeezentrale.at/de/marken/caffe-ferrari/Napoli_1000.cfm
9,BlasercafÃ© Rosso e Nero,"KrÃ¤ftig und intensiv, wuchtig aber sehr gut abgerundet",https://kaffeezentrale.at/de/marken/blasercafe/Rosso_e_nero_1000.cfm
10,LucaffÃ¨ Mister Exklusive,"sÃ¼ss, samtig mit Noten von Schokolade und einem vollen Abgang",https://kaffeezentrale.at/de/marken/lucaffe/Exklusive_1000.cfm
11,Tre Forze Espresso,"schokoladig, nussig, samtig und schonend",https://kaffeezentrale.at/de/marken/tre-forze/Espresso-1000.cfm
12,Claro Baraza,"krÃ¤ftig, erdig, brotig und lang anhaltend",https://kaffeezentrale.at/de/marken/claro/Baraza_500.cfm
13,BlasercafÃ© Marrone,"SÃ¼ss, mild Aromen mit Noten von dunkler Schokolade, gerÃ¶stete Mandeln, Lebkuchen und Bratapfel",https://kaffeezentrale.at/de/marken/blasercafe/Marrone_1000.cfm
14,Rast Espressomischung Milano,Zusammengestellt aus den besten Arabicas und dem besten Robusta,https://kaffeezentrale.at/de/marken/rast/Espressomischung_Milano_1000.cfm
15,Mauro Special Bar 20/80," Intensiv, krÃ¤ftig und schokoladig",https://kaffeezentrale.at/de/marken/mauro/Espresso-Bar-1000.cfm
16,LucaffÃ¨ Classic,"sÃ¼ss, schokoladig, weich, mit anhaltendem Abgang",https://kaffeezentrale.at/de/marken/lucaffe/Classic_1000.cfm
17,Diemme Miscela Oro,"Aromen von Schokolade, Vanille, leicht sÃ¼ss und lang anhaltend",https://kaffeezentrale.at/de/marken/diemme/Miscela-Oro-1000.cfm
18,Segafredo Extra Strong,"edel, schokoladig, lang anhaltend und harmonisch.",https://kaffeezentrale.at/de/marken/segafredo/Extra_Strong_1000.cfm
19,Passalacqua Mehari,"Schokoladig, malzig, krÃ¤ftig mit komplexen KÃ¶rper und einer dunkle Crema.",https://kaffeezentrale.at/de/marken/passalacqua/Mehari-1000.cfm
20,Rast Kaffeemischung Wiener,KrÃ¤ftige Mischung aus den besten Arabicas,https://kaffeezentrale.at/de/marken/rast/Kaffeemischung_Wiener_1000.cfm
21,"Henauer Kaffee Camocim Crema, Brasilien","Leicht, komplex, ausgewogen mit Noten von Cassis, Schwarztee und Kakao",https://kaffeezentrale.at/de/marken/henauer-kaffee/Camocim-1000.cfm
22,New York Extra (Bluemountain) ,"schokoladig, voll, rund, lang anhaltend",https://kaffeezentrale.at/de/marken/new-york/Extra_Bluemountain_250.cfm
23,Passalacqua Harem,"Mild, sÃ¼ss, harmonisch und leicht fruchtig.",https://kaffeezentrale.at/de/marken/passalacqua/Harem-1000.cfm
24,Chicco d'Oro Tradition,"Cremig, wÃ¼rzig und angenehm schweizerisch",https://kaffeezentrale.at/de/marken/chicco-doro/Tradition_1000.cfm
25,CaffÃ¨ Ferrari Grossmutters KÃ¤feli,"mild, aromatisch, sÃ¤urearm, lang anhaltend",https://kaffeezentrale.at/de/marken/caffe-ferrari/Grossmutters_Kaefeli_1000.cfm
26,BlasercafÃ© Lussuria,"Schokoladig, nussig, sÃ¼ss, lang anhaltend",https://kaffeezentrale.at/de/marken/blasercafe/Lussuria_1000.cfm
27,Rast Espressomischung Venezia,"Der ideale Kaffee fÃ¼r Espresso, Ristretto, Latte Macchiato, Cappuccino und dunkle Schale",https://kaffeezentrale.at/de/marken/rast/Espressomischung_Venezia_1000.cfm
28,LucaffÃ¨ Piccolo und Dolce,"sÃ¼ss, schokoladig, malzig mit vollem KÃ¶rper",https://kaffeezentrale.at/de/marken/lucaffe/Piccolo-Dolce_1000.cfm
29,La Semeuse Don Marco,"aromatisch, krÃ¤ftig, cremig und langanhaltend",https://kaffeezentrale.at/de/marken/la-semeuse/Don_Marco_1000.cfm
30,Mauro De Luxe 70/30,"schokoladig, harmonisch, wÃ¼rzig, aromatisch",https://kaffeezentrale.at/de/marken/mauro/De-Luxe-1000.cfm
31,Sirocco Tradizionale Espresso,"Schokoladig, stark, konsistent, lang anhaltend.",https://kaffeezentrale.at/de/marken/sirocco/Tradizionale_Espresso_500.cfm
32,La Semeuse Mocca Surfin,"Samtig, sÃ¼ss mit Fruchtaromen und einer feinen Mandelnote.",https://kaffeezentrale.at/de/marken/la-semeuse/Mocca_Leader_1000.cfm
33,Carlito Giubileo,Stark und ausgewogen,https://kaffeezentrale.at/de/marken/carlito/Giubileo-1000.cfm
34,Salimbene Superbar,Der Stoff aus dem die Espresso TrÃ¤ume.,https://kaffeezentrale.at/de/marken/salimbene/Superbar-1000.cfm
35,"Henauer Kaffee Irlanda Espresso, Mexiko","Aromen von Haselnuss, Kardamom und Lebkuchen",https://kaffeezentrale.at/de/marken/henauer-kaffee/Irlanda-1000.cfm
36,New York XXXX,"intensiv, vornehm, aromatisch, schokoladig",https://kaffeezentrale.at/de/marken/new-york/Extra_XXXX_250.cfm
37,Stoll Roma,"Feine Noten dunkler Schokolade, angenehme Nuss und Caramelnoten",https://kaffeezentrale.at/de/marken/stoll/Roma-1000.cfm
38,Hausbrandt Gourmet,"edel, nuanciert, fruchtig und sehr lang anhaltend",https://kaffeezentrale.at/de/marken/hausbrandt/Gourmet_1000.cfm
39,ParanÃ  Extra Bar Premium,"fruchtig, schokoladig, nussig und vollmundig",https://kaffeezentrale.at/de/marken/parana/Extra-Bar-Premium_1000.cfm
40,BlasercafÃ© Pura Vida,"leichte SÃ¤urenoten und zarte Bitternoten, leichte SÃ¼sse mit Noten von TropenfrÃ¼chten, Honig, Ruchbrot und Kakao",https://kaffeezentrale.at/de/marken/blasercafe/Pura-Vida_1000.cfm
41,Hausbrandt Academia,"vornehm, intensiv, ausgewogen",https://kaffeezentrale.at/de/marken/hausbrandt/Academia_1000.cfm
42,Mauro Premium 50/50,"wÃ¼rzig, schokoladig, harmonisch, rustikal",https://kaffeezentrale.at/de/marken/mauro/Ondadoro-1000.cfm
43,Moak Special Bar,"cremig, rauchig, wÃ¼rzig, krÃ¤ftig und lang anhaltend mit blumigen Noten und und Vanille",https://kaffeezentrale.at/de/marken/moak/Special_Bar_1000.cfm
44,Rast Espressomischung Roma,"Der ideale Kaffee fÃ¼r Espresso, Ristretto, Latte Macchiato, Cappuccino und dunkle Schale",https://kaffeezentrale.at/de/marken/rast/Espressomischung_Roma_1000.cfm
45,Mokaflor Gold 80% 20%,"intensiv, aromatisch, wÃ¼rzig, cremig, lang anhaltend mit Aromen von Biskuit, Vanille und Kakao",https://kaffeezentrale.at/de/marken/mokaflor/Gold_80_20_1000.cfm
46,BlasercafÃ© Verde,"Vollmundig, feine SÃ¤ure, balanciert mit Aromen von KrÃ¤uter, Nelke, Pfeffer und reifem Steinobst.",https://kaffeezentrale.at/de/marken/blasercafe/Verde_1000.cfm
47,Rast Espressomischung Sicilia,"WÃ¼rzig, vollmundig und krÃ¤ftig im Aroma",https://kaffeezentrale.at/de/marken/rast/Espressomischung_Sicilia_1000.cfm
48,Mokaflor Miscela Nera,"Cremig, sÃ¼ss, schokoladig und vollmundig",https://kaffeezentrale.at/de/marken/mokaflor/nera_1000.cfm
49,"Kaffa Wodiyo, Wild Coffee Collection No 2","Runder und geschmackvoller KÃ¶per mit Aromen von Barrique, Portwein, BaumnÃ¼sse, und Caramel.",https://kaffeezentrale.at/de/marken/kaffa/Wodiyo-400.cfm
50,Passalacqua Moana,Weich. Blumig. Vollmundig. ,https://kaffeezentrale.at/de/marken/passalacqua/Moana-1000.cfm
51,Quarta CaffÃ¨ Oro Avio,"SÃ¼ss, rund, vollmundig mit weichem aber extra langen Abgang.",https://kaffeezentrale.at/de/marken/quarta-caffe/Specialita-Avio-500.cfm
52,Quarta CaffÃ¨ Barocco ,"Mild, sÃ¼ss, ausgewogen samtig mit vollmundigen Abgang",https://kaffeezentrale.at/de/marken/quarta-caffe/Barocco-1000.cfm
53,"Kaffa Mankira, Wild Coffee Collection No 1","Aromen von frischer Butter, TannenschÃ¶ssli, Macadamia und SÃ¼ssholz und mit einem weichen MundgefÃ¼hl",https://kaffeezentrale.at/de/marken/kaffa/Mankira-400.cfm
54,Pausa CaffÃ¨ Miscela Bar,"Cremig, stark, konsistent, beharrlich.",https://kaffeezentrale.at/de/marken/pausa-caffe/Bar_1000.cfm
55,Carlito Brasil,"SÃ¼ss, fruchtig und ausgewogen",https://kaffeezentrale.at/de/marken/carlito/Brasil-1000.cfm
56,Tre Forze Espresso,"schokoladig, nussig, samtig und schonend",https://kaffeezentrale.at/de/marken/tre-forze/Espresso-500.cfm
57,ParanÃ  Espresso Italiano,"vollmundig, cremig und schokoladig",https://kaffeezentrale.at/de/marken/parana/Espresso-Italiano_1000.cfm
58,Hausbrandt Trieste,"Stark, weich, samtig und ausgewogen mit feinen Noten von Bitterkakao im Abgang",https://kaffeezentrale.at/de/marken/hausbrandt/Trieste_1000.cfm
59,Passalacqua Mekico,Vollmundig. Harmonisch. Elegant.,https://kaffeezentrale.at/de/marken/passalacqua/Mekico-1000.cfm
60,Rast Malabar monsooned Aspinwall,"WÃ¼rzig, rÃ¶startig, nussig und leicht erdig, mittlerer KÃ¶rper mit langanhaltender Abgang",https://kaffeezentrale.at/de/marken/rast/Malabar_250.cfm
61,GM CaffÃ¨ Superiore,"kraftvoll, wÃ¼rzig, rassig, lang anhaltend",https://kaffeezentrale.at/de/marken/gm-caffe/Superiore_1000.cfm
62,Sirocco Tradizionale Crema,Cremig und mild,https://kaffeezentrale.at/de/marken/sirocco/Tradizionale_Crema_500.cfm
63,Stoll Pegaso,"Schokoladig, vollmundig und lang anhaltend",https://kaffeezentrale.at/de/marken/stoll/Pegaso-1000.cfm
64,Lavazza Grand Espresso,"Vollmundig, intensiv, wÃ¼rzig mit leichten GewÃ¼rz- und Schokoladenoten",https://kaffeezentrale.at/de/marken/lavazza/Grand_Espresso_1000.cfm
65,Tre Forze Espresso,"schokoladig, nussig, samtig und schonend",https://kaffeezentrale.at/de/marken/tre-forze/Espresso-250.cfm
66,GM CaffÃ¨ Nobile,"sÃ¼ss, samtig mit vollem Abgang",https://kaffeezentrale.at/de/marken/gm-caffe/Nobile_1000.cfm
67,Chicco d'Oro Miscela Bar,"Stark, vollmundig und intensiv",https://kaffeezentrale.at/de/marken/chicco-doro/Miscela_Bar_1000.cfm
68,Costadoro Master Club,"Schmeichelnd, aromatisch, elegant",https://kaffeezentrale.at/de/marken/costadoro/Master_Club_1000.cfm
69,Kaffa Espresso,"elegant, spritzig, sÃ¼sslich, fruchtig",https://kaffeezentrale.at/de/marken/kaffa/Wildkaffee_Espresso_220.cfm
70,La Semeuse Il Piacere,"aromatisch, krÃ¤ftig, cremig und langanhaltend",https://kaffeezentrale.at/de/marken/la-semeuse/Il_Piacere_250.cfm
71,Moak Bar Stella,"sÃ¼ss, wÃ¼rzig, ausgewogen, cremig und krÃ¤ftig",https://kaffeezentrale.at/de/marken/moak/Bar_Stella_1000.cfm
72,Rast Kaffeemischung Mocca,KrÃ¤ftige Mischung aus den besten Arabicas,https://kaffeezentrale.at/de/marken/rast/Kaffeemischung_Mocca_1000.cfm
73,Claro Ãromo,"schokoladig, fruchtig mit wilden BlÃ¼ten",https://kaffeezentrale.at/de/marken/claro/oromo_500.cfm
74,LucaffÃ¨ Mister Exklusive,"sÃ¼ss, samtig mit Noten von Schokolade und einem vollen Abgang",https://kaffeezentrale.at/de/marken/lucaffe/Exklusive_250.cfm
75,GM CaffÃ¨ Super Extra Bar,"schokoladig, haselnussig mit vollem KÃ¶rper",https://kaffeezentrale.at/de/marken/gm-caffe/Super-Extra-Bar_1000.cfm
76,Chicco d'Oro Espresso Fairtrade,"Schokoladig, wÃ¼rzig, vollmundig und ausgewogen",https://kaffeezentrale.at/de/marken/chicco-doro/Max_Havelaar_1000.cfm
77,ParanÃ  Extra Bar,"intensiv, vollmundig und erinnert an Bitterschokolade",https://kaffeezentrale.at/de/marken/parana/Extra-Bar_1000.cfm
78,Mauro Premium 50/50,"wÃ¼rzig, voll, robust, herb",https://kaffeezentrale.at/de/marken/mauro/Special-Espresso-500.cfm
79,LucaffÃ¨ BlucaffÃ¨,"fruchtig, wÃ¼rzig, sÃ¼ss, zarte Bitternoten mit vollem KÃ¶rper",https://kaffeezentrale.at/de/marken/lucaffe/Blucaffe_700.cfm
80,New York CaffÃ¨ Crema,"mild, fruchtig, vanille und sÃ¼ss",https://kaffeezentrale.at/de/marken/new-york/crema_1000.cfm
81,La Semeuse Mocca Bio,"Cremig, sÃ¼ss, Schokolade mit Aromen von gerÃ¶steten TrockenfrÃ¼chten",https://kaffeezentrale.at/de/marken/la-semeuse/Mocca-Bio-500.cfm
82,Costadoro Espresso,"vollmundig, elegant und aromatisch",https://kaffeezentrale.at/de/marken/costadoro/Caffe_1000.cfm
83,Stoll Hausmischung,"Hell, fruchtig und fein",https://kaffeezentrale.at/de/marken/stoll/Hausmischung_1000.cfm
84,SchreyÃ¶gg Espresso Bar,"Cremig, aromatisch, weich und ausgeglichen",https://kaffeezentrale.at/de/marken/schreyoegg/Espresso-Bar-1000.cfm
85,Salimbene Caffetteria,"Vollmundig, intensiv, rund und zartbitter mit starken KÃ¶rper.",https://kaffeezentrale.at/de/marken/salimbene/Caffetteria-1000.cfm
86,Stadt RÃ¶sterei Kaffee Hausmischung,"Nussig, schokoladig, leicht fruchtig, ausgewogen und harmonisch.",https://kaffeezentrale.at/de/marken/stadt-roesterei/Kaffee-Hausmischung-500.cfm
87,LucaffÃ¨ Classic,"sÃ¼ss, schokoladig, weich, mit anhaltendem Abgang",https://kaffeezentrale.at/de/marken/lucaffe/Classic_250.cfm
88,"Rast Aceh Mandheling, Gayo, Sumatra","Duftet nach gerÃ¶steten HaselnÃ¼ssen, hat wÃ¼rzige Aromen von Himbeeren und Schokolade und einen krÃ¤ftigen KÃ¶rper.",https://kaffeezentrale.at/de/marken/rast/Aceh-Mandheling-250.cfm
89,Pausa CaffÃ¨ Miscela Gourmet,"Cremig, stark mit Aromen wie Vanille, Blumen und Cacao.",https://kaffeezentrale.at/de/marken/pausa-caffe/Gourmet_1000.cfm
90,SchreyÃ¶gg CaffÃ¨ Crematic,"Cremig, aromatisch, weich und ausgeglichen",https://kaffeezentrale.at/de/marken/schreyoegg/Crematic-1000.cfm
91,Claro Melado,"sÃ¼ss, fruchtig und wÃ¼rzig",https://kaffeezentrale.at/de/marken/claro/Melado-500.cfm
92,Diemme Miscela Bar Prestigio,"Blumig, sÃ¼ss mit Nuancen von Kakao",https://kaffeezentrale.at/de/marken/diemme/Miscela-Bar-Prestigio-1000.cfm
93,Pausa CaffÃ¨ Miscela Mocca,"Ein wahrer Mocca-Espresso, cremig, stark, intensiv und beharrlich.",https://kaffeezentrale.at/de/marken/pausa-caffe/Mocca_1000.cfm
94,Salimbene Deliziosa,"Stark, cremig, sÃ¼ss mit Haselnuss Noten",https://kaffeezentrale.at/de/marken/salimbene/Deliziosa-1000.cfm
95,Rast Kaffeemischung Eldorado,Zusammengestellt aus den besten Arabicas der Welt,https://kaffeezentrale.at/de/marken/rast/Kaffeemischung_Eldorado_1000.cfm
96,BlasercafÃ© Classico,"SÃ¼ss, ausgewogen, blumig, Caramel, Apfel und SablÃ©-GebÃ¤ck.",https://kaffeezentrale.at/de/marken/blasercafe/Classico-1000.cfm
97,"Kaffa La Chacra D'Dago, Crema","SÃ¼ss, ausgewogen mit Noten von Sternfrucht, Aprikose, SechuanblÃ¼ten",https://kaffeezentrale.at/de/marken/kaffa/La-Chacra-D-Dago-Crema-500.cfm
98,Stoll Napoli,"wÃ¼rzig, wuchtig und lang anhaltend",https://kaffeezentrale.at/de/marken/stoll/Napoli-1000.cfm
99,Casa del CaffÃ¨ Electa,"Mild, schokoladig, weich und lang anhaltend",https://kaffeezentrale.at/de/marken/casa-del-caffe/Electa-1000.cfm
100,"Stoll Brasil, Bio","Das Aroma prÃ¤gen Beeren, Zitrus Noten, DÃ¶rrfrÃ¼chte und Milchschokolade.",https://kaffeezentrale.at/de/marken/stoll/Brasil-Bio-250.cfm
101,Jolly Crema,"weich, harmonisch, schokoladig mit lang anhaltendem Nachgeschmack",https://kaffeezentrale.at/de/marken/jolly/Crema_500.cfm
102,Mauro Centopercento Bio und Fairtrade,"SÃ¼ss und aromatisch, leicht fruchtig und blumig.",https://kaffeezentrale.at/de/marken/mauro/Roasted-Organic-1000.cfm
103,"Kaffa Yeyibito, Wild Coffee Collection No 3","Mild, leicht furchtig von reifen Brombeeren und Heidelbeeren mit Noten von dunkler Schokolade und Brot.",https://kaffeezentrale.at/de/marken/kaffa/Yeyibito-400.cfm
104,"MAME El Paraiso pink, EspressorÃ¶stung","zitrisch, blumig mit Noten von Pfirsich",https://kaffeezentrale.at/de/marken/mame/El-Paraiso-pink-Espresso-250.cfm
105,"Kaffa La Chacra D'Dago, Espresso","SÃ¼ss, vollmundig und Aromen von heller Schokolade, Banane und Kandiszucker",https://kaffeezentrale.at/de/marken/kaffa/La-Chacra-D-Dago-Espresso-500.cfm
106,SchreyÃ¶gg Espresso Exquisit ,"cremig, aromatisch und weich",https://kaffeezentrale.at/de/marken/schreyoegg/Bar-Exquisit-1000.cfm
107,Claro Espresso,"wÃ¼rzig, fruchtig und intensiv",https://kaffeezentrale.at/de/marken/claro/Espresso_500.cfm
108,Mokaflor Chiaroscuro,"Vanille, schokoladig, wÃ¼rzig und mit einem Abgang von Vanille, Pfeffer und Mango",https://kaffeezentrale.at/de/marken/mokaflor/Chiaroscuro_1000.cfm
109,Stadt RÃ¶sterei Espresso Hausmischung,"Schokoladig, nussig, zitrusartig und im Abgang einen zarten Duft von Karamell",https://kaffeezentrale.at/de/marken/stadt-roesterei/Espresso-Hausmischung-500.cfm
110,Moak Bar Servito,"mild, bekÃ¶mmlich, cremig, aromatisch",https://kaffeezentrale.at/de/marken/moak/Bar_Servito_1000.cfm
111,New York Costa Rica,"rassig, intensiv, rund und lang anhaltend",https://kaffeezentrale.at/de/marken/new-york/Costa_Rica_250.cfm
112,Sirocco Tradizionale Espresso Rubino,"Fruchtig, blumig, krÃ¤ftig und langem und intensivem Abgang",https://kaffeezentrale.at/de/marken/sirocco/Tradizionale_Rubino_500.cfm
113,Mauro Centopercento,"Fruchtig, blumig, intensiv und lang anhaltend",https://kaffeezentrale.at/de/marken/mauro/Centopercento-1000.cfm
114,Lavazza Super Crema,"Mild, cremig mit Aromen von Honig und Mandeln",https://kaffeezentrale.at/de/marken/lavazza/Super_Crema_1000.cfm
115,New York CaffÃ¨ Primeros,"Rund, aromatisch und kÃ¶rperreich, mit einer kleinen Schokoladenote im Abgang.",https://kaffeezentrale.at/de/marken/new-york/Primeros-250.cfm
116,Kaffa Medium,"vornehm, wÃ¼rzig und voller Aromen",https://kaffeezentrale.at/de/marken/kaffa/Wildkaffee_Medium_220.cfm
117,Stadt RÃ¶sterei Orang Utan,"SÃ¼ss, mild mit Geschmacksnoten von Orangen, dunkle Schokolade, Zimt und Nelken.",https://kaffeezentrale.at/de/marken/stadt-roesterei/Orang-Utan-500.cfm
118,ParanÃ  Organic Fairtrade,"vollmundig, cremig und schokoladig",https://kaffeezentrale.at/de/marken/parana/Organic-Fairtrade-1000.cfm
119,Moak Coffee Break,"Stark, intensiv, cremig und lang anhaltend",https://kaffeezentrale.at/de/marken/moak/Bar_Break_1000.cfm
120,"Rast Serrano Lavado, Sierra Maestra","Duftet wÃ¼rzig und nach Tabak, mit Aromen von Walnuss und dunkle Schokolade.",https://kaffeezentrale.at/de/marken/rast/Serrano-Lavado_250.cfm
121,Lavazza Tierra! Selection,"Blumig, intensiv und sÃ¼ss",https://kaffeezentrale.at/de/marken/lavazza/Tierra_1000.cfm
122,"BlasercafÃ© Terroir, Orang Utan, Sumatra","Panettone, Nelke, dunkle Schokolade. SÃ¼ss und volles MundgefÃ¼hl.",https://kaffeezentrale.at/de/marken/blasercafe/Orange-Utan-250.cfm
123,New York CaffÃ¨ Biologico,"fruchtig, leicht nussig, samtig und ausgewogen",https://kaffeezentrale.at/de/marken/new-york/Caffe-Biologico-250.cfm
124,RickliS KaffeerÃ¶sterei Crema,Eine Espressomischung mit geheimen Rezept fÃ¼r den echten Home Barista Champion.,https://kaffeezentrale.at/de/marken/ricklis-kaffeeroesterei/Crema_1000.cfm
125,Mokaflor Miscela Blu,"intensiv, stark, sÃ¼ss mit Kakaonoten und vollem KÃ¶rper",https://kaffeezentrale.at/de/marken/mokaflor/Misela-Blu-1000.cfm
126,"Rast Kerkeicoondah, Balahonnur Farm","Nussig, wÃ¼rzig, schokoladig duftet nach Wacholder, Malz und Kork mit Aromen von Brotkrusten. Starker KÃ¶rper mit langanhaltenden Abgang.",https://kaffeezentrale.at/de/marken/rast/Kerkeicoondah_250.cfm
127,Lavazza Top Class,"Schokoladig, sÃ¼ss, fruchtig und lang anhaltend",https://kaffeezentrale.at/de/marken/lavazza/Top_Glass_1000.cfm
128,"MAME Pearl, FilterrÃ¶stung","schokoladig, cremig, langanhaltend",https://kaffeezentrale.at/de/marken/mame/Pearl-Filter-250.cfm
129,"Kafischmitte Daterra, Brasilien","Kakao, Walnuss, Marzipan",https://kaffeezentrale.at/de/marken/kafischmitte/Daterra-333.cfm
130,valandtins garden Isule Dark Night,"KrÃ¤ftig, sÃ¤urearm und mit einer Nuance Bitterschokolade",https://kaffeezentrale.at/de/marken/valandtins-garden/Isule-Dark-Night-250.cfm
131,"Kaffa Goba Gessa, Wild Coffee Collection No 4","KrÃ¤ftig wÃ¼rzig mit feinen Fruchtnoten von Rhabarber, Akazie, Pinienkerne und einem Hauch Long Pepper",https://kaffeezentrale.at/de/marken/kaffa/Goba-Gessa-400.cfm
132,Rast Espressomischung Vesuvio,"Sehr zarte, feine SÃ¤ure, vollem KÃ¶rper, verfÃ¼hrerisches, intensives und wÃ¼rziges Aroma",https://kaffeezentrale.at/de/marken/rast/Espressomischung_Vesuvio_1000.cfm
133,"BlasercafÃ© Terroir, Brazil Capoeirinha Estate","Limited Edition: GerÃ¶stete Haselnuss, Schokolade, Toffee und Vanille. Weiches MundgefÃ¼hl",https://kaffeezentrale.at/de/marken/blasercafe/Capoeirinho-Estate-250.cfm
134,La Semeuse Soleil Levant Bio,"aromatisch, krÃ¤ftig, cremig und langanhaltend",https://kaffeezentrale.at/de/marken/la-semeuse/Soleil_Levant_Bio_und_Max_Havelaar_250.cfm
135,"Vertical Coffee Big Wall, EspressorÃ¶stung","Zartbitterschokolade, Mandeln, braune ZuckersÃ¼sse, wenig SÃ¤ure, voller KÃ¶rper",https://kaffeezentrale.at/de/marken/vertical-coffee/Big-Wall-Espresso-250.cfm
136,Tropical Mountains Mafioso,"Dunkel, Haselnuss, GewÃ¼rze und Schokolade mit einer feiner Fruchtigkeit",https://kaffeezentrale.at/de/marken/tropical-mountains/Mafioso-250.cfm
137,Carlito Speciale,Blumig und fruchtig.,https://kaffeezentrale.at/de/marken/carlito/Speciale-1000.cfm
138,"Vertical Coffee Brazil, Diamond, FilterrÃ¶stung","Kakao, Haselnuss, sÃ¼ss und ausgewogen, cremiger KÃ¶rper",https://kaffeezentrale.at/de/marken/vertical-coffee/Brasil-Diamond-Filter-250.cfm
139,"valandtins garden Isule Pure, Uganda",Fruchtig mit Noten von Beeren und Caramel,https://kaffeezentrale.at/de/marken/valandtins-garden/Isule-500.cfm
140,Stadt RÃ¶sterei Rwanda Jarama,"SÃ¼ss, Honig, Himbeere, Schokolade mit Noten von Rohzucker und Caramel, fabelhaft balanciert mit mittlerem KÃ¶rper",https://kaffeezentrale.at/de/marken/stadt-roesterei/Rwanda-Jarama-500.cfm
141,"Birchbach Tembo Tembo, Filter","Fruchtig frisch, Apfel und Cola",https://kaffeezentrale.at/de/marken/birchbach/Tembo-Tembo-200.cfm
142,"Rast Bukoba, Kagera","SÃ¼ss, stark, wÃ¼rzig, nussig, erdig, langanhaltender Abgang mit Aromen von dunkler Schockolade",https://kaffeezentrale.at/de/marken/rast/Bukoba-250.cfm
143,CoffeeCurator CuvÃ©e No 1,"Kurz, intensiv, schwer, nussig und stark.",https://kaffeezentrale.at/de/marken/coffeecurator/Cuvee-No-1-250.cfm
144,"MAME Full Bloom, FilterrÃ¶stung","nussig, weich, ausgewogen",https://kaffeezentrale.at/de/marken/mame/Full-Bloom-Filter-250.cfm
145,Zermatt RÃ¶sterei Ethiopia Sidamo,"Bergamotte, schwarzer Johannisbeere und Jasmin",https://kaffeezentrale.at/de/marken/zermatt-roesterei/Sidamo-250.cfm
146,New York Ethiopia,Adel verpflichtet,https://kaffeezentrale.at/de/marken/new-york/Ethiopia_250.cfm
147,"MAME Danilo El Diamante, EspressorÃ¶stung","Noten von Apfel, Rosinen und Zimt",https://kaffeezentrale.at/de/marken/mame/El-Diamante-Espresso-250.cfm
148,"MAME Birhanu, FilterrÃ¶stung",blumig mit Geschmacksnoten von Veilchen und roter Traube cremige Textur,https://kaffeezentrale.at/de/marken/mame/Birhanu-Filter-250.cfm
149,Moak Brasilea,"Vollmundig mit Noten von Lakritz, Schokolade und Honig.",https://kaffeezentrale.at/de/marken/moak/Brasilea-1000.cfm
150,Le Pedaleur Blanche,"OrangenblÃ¼ten, Jasmin, Zitrus, Rosenwasser, Cassis, orientalische GewÃ¼rze und Bitterschokolade mit einem krÃ¤ftigen und samtigen KÃ¶rper.",https://kaffeezentrale.at/de/marken/le-pedaleur/Blanche-250.cfm
151,GM CaffÃ¨ Old Tuscany Oak,"stark, erdig, holzig mit einer rauchigen Tabaknote",https://kaffeezentrale.at/de/marken/gm-caffe/Old-Tuscany-Oak-500.cfm
152,New York Java (Giava),"mild, voll, rund und nussig",https://kaffeezentrale.at/de/marken/new-york/Java_Giava_250.cfm
153,Salimbene Superbar,Der Stoff aus dem die Espresso TrÃ¤ume.,https://kaffeezentrale.at/de/marken/salimbene/Superbar-250.cfm
154,Costadoro Decaffinato,"Nussig, vollmundig und lang anhaltend, sehr ungewÃ¶hnlich fÃ¼r entkoffeiniert.",https://kaffeezentrale.at/de/marken/costadoro/Decaffinato-250.cfm
155,"Stoll Honduras, Bio",Schokoladig fruchtig und sÃ¼sslumig,https://kaffeezentrale.at/de/marken/stoll/Honduras-250.cfm
156,Hausbrandt Gourmet Columbus,"Mild, ausgewogen, wÃ¼rzig, fruchtig mit Aromen von Kakao und Lakritze.",https://kaffeezentrale.at/de/marken/hausbrandt/Columbus_1000.cfm
157,Rast Kaffeemischung Festival,Der echte Genuss fÃ¼r Kaffeekenner,https://kaffeezentrale.at/de/marken/rast/Kaffeemischung_Festival_1000.cfm
158,Sirocco Platinum Espresso,"Fruchtig, blumig, sÃ¼ss und bekÃ¶mmlich",https://kaffeezentrale.at/de/marken/sirocco/Platinum_Espresso_250.cfm
159,BlasercafÃ© OCOA Santo Domingo,"Dieter Meier & Iwan Hauck Kaffee Projekt OCOA - Geniessen Sie diese Besonderheit, oh, yeah!",https://kaffeezentrale.at/de/marken/blasercafe/OCOA_Santo_Domingo_250.cfm
160,Black and Blaze India delight,"SÃ¼ss, leicht fruchtig, orientalisch wÃ¼rzig, erinnert an ein Grand cru-Truffes ",https://kaffeezentrale.at/de/marken/black-and-blaze/India-delight-250.cfm
161,"Vertical Coffee Guatemala, La MontaÃ±a, FilterrÃ¶stung","Karamell, saftiger Apfel, Hibiskus, weicher KÃ¶rper",https://kaffeezentrale.at/de/marken/vertical-coffee/Guatemala-La-Montana-250.cfm
162,"Miro Coffee Santa Rosa, Honduras, EspressorÃ¶stung","Nussig und Noten von Brombeeren und Kakao, gut ausgewogen",https://kaffeezentrale.at/de/marken/miro-coffee/Santa-Rosa-250.cfm
163,"Henauer Kaffee Macho, P14","SÃ¼ss, leicht, komplex mit Noten von Apfel, Milchschokolade und Haselnuss",https://kaffeezentrale.at/de/marken/henauer-kaffee/Macho-250.cfm
164,Stadt RÃ¶sterei DezalÃ©,"Blumig, fruchtig, im Geschmack nach Ãpfel, Pfirsich, Vanille und Honig und im Abgang tropische FrÃ¼chte und Karamell",https://kaffeezentrale.at/de/marken/stadt-roesterei/Dezale-500.cfm
165,Claro Classico,Fruchtig mit einer feinen SÃ¤ure,https://kaffeezentrale.at/de/marken/claro/Classico_500.cfm
166,Tropical Mountains Geisha,LIMITED EDITION mit blumigen und fruchtigen Noten,https://kaffeezentrale.at/de/marken/tropical-mountains/Geisha-250.cfm
167,"Miro Coffee Boa Vista, Brasilien, EspressorÃ¶stung","schokoladig, nussig, Honig, voller KÃ¶rper",https://kaffeezentrale.at/de/marken/miro-coffee/Boa-Vista-Brasilien-Espresso-250.cfm
168,Segafredo Extra Mild,Besonders sÃ¤ure- und reizstoffarmer Kaffee - die Empfehlung fÃ¼r den empfindlichen Magen.,https://kaffeezentrale.at/de/marken/segafredo/Extra_Mild_1000.cfm
169,Kafischmitte La Sinfonia,"Schokolade, Kakao, GewÃ¼rze und getrocknete FrÃ¼chte",https://kaffeezentrale.at/de/marken/kafischmitte/La-Sinfonia-333.cfm
170,Lavazza Kafa,"Fruchtig, Noten von Jasmin, Nachgeschmack von Honig und Datteln, AnklÃ¤nge an reife FrÃ¼chte.",https://kaffeezentrale.at/de/marken/lavazza/Kafa-500.cfm
171,"Rast Yellow Bourbon, Fazienda Samambaia","SÃ¼ss, wÃ¼rzig, nussig, mittlerer KÃ¶rper und anhaltender Abgang, duftet nach rote Beeren mit Aromen von Schokolade und Honig.",https://kaffeezentrale.at/de/marken/rast/Yellow-Bourbon-250.cfm
172,Moak Soave,"stark, wÃ¼rzig dunkle Schokolade und vollmundig",https://kaffeezentrale.at/de/marken/moak/Soave-1000.cfm
173,Le Pedaleur Noir,"Nuss, Schokolade und dezente Zitrusfruchtnote mit langem samtigem Abgang.",https://kaffeezentrale.at/de/marken/le-pedaleur/Noir-250.cfm
174,SchreyÃ¶gg Espresso Decaffiniato,"wÃ¼rzig, aromatisch, intensiv, erdig. Nicht zu krÃ¤ftig, nicht zu mild.",https://kaffeezentrale.at/de/marken/schreyoegg/Espresso-Koffeinfrei-500.cfm
175,Rast Kaffeemischung Latino No 5,Die Mischung besticht durch die perfekte Ausgewogenheit,https://kaffeezentrale.at/de/marken/rast/Kaffeemischung_Latino_No_5_1000.cfm
176,Rast Kaffeemischung Latino No 2,Die Mischung besticht durch die perfekte Ausgewogenheit,https://kaffeezentrale.at/de/marken/rast/Kaffeemischung_Latino_No_2_1000.cfm
177,Bristot Rainforest,"Fruchtig, vanilieg, schokoladig und lange anhaltend",https://kaffeezentrale.at/de/marken/bristot/Rainforest_1000.cfm
178,Zermatt RÃ¶sterei Kickass,"Schokolade, Orangen, Honig, Walnuss, Melasse Noten von weissem Pfeffer und Kokos",https://kaffeezentrale.at/de/marken/zermatt-roesterei/Kickass-250.cfm
179,Jolly TSR,"wÃ¼rzig, cremig, nussig und vollmundig",https://kaffeezentrale.at/de/marken/jolly/TSR_500.cfm
180,New York Brazilian Santos,"aromatisch, weich, ausgewogen und cremig",https://kaffeezentrale.at/de/marken/new-york/Brazilian_Santos_250.cfm
181,Claro Crema,fruchtig und aromatisch,https://kaffeezentrale.at/de/marken/claro/Crema_500.cfm
182,Tropical Mountains Paradiso,"Mild, cremig, Milchschokolade und vollmundig",https://kaffeezentrale.at/de/marken/tropical-mountains/Paradiso-250.cfm
183,New York Columbia,"ausgewogen, wÃ¼rzig, sÃ¼sslich und rund",https://kaffeezentrale.at/de/marken/new-york/Columbia_250.cfm
184,"Miro Coffee Ireme, Rwanda, FilterrÃ¶stung",,https://kaffeezentrale.at/de/marken/miro-coffee/Ireme-Rwanda-Filter-250.cfm
185,Mokaflor Miscela Biologico,"schokoladig, sÃ¼ss, aromatisch und leicht fruchtig",https://kaffeezentrale.at/de/marken/mokaflor/Misela-Biologico-1000.cfm
186,"Rast Guama, Kenja, Baragwi Farmers","SÃ¼ss, malzig, fruchtig mit Citrus- und Grapefruit Aromen",https://kaffeezentrale.at/de/marken/rast/Guama-250.cfm
187,Hausbrandt Gourmet Columbus,"Mild, ausgewogen, wÃ¼rzig, fruchtig mit Aromen von Kakao und Lakritze.",https://kaffeezentrale.at/de/marken/hausbrandt/Columbus_250.cfm
188,Kafischmitte La Fruta,Der Name ist Programm: La Fruta = die Frucht. Verschiedene Beeren und tropische FrÃ¼chte. Intensiv und sÃ¼ss.,https://kaffeezentrale.at/de/marken/kafischmitte/La-Fruta-333.cfm
189,"Ojo de Cafe Colombia Tropical, FilterrÃ¶stung","Mango, Papaya, Brombeere",https://kaffeezentrale.at/de/marken/ojo-de-cafe/Colombia-Tropical-Filter-250.cfm
190,GM CaffÃ¨ Biologico,"SÃ¼ss, nussig, fruchtig mit Aromen von Lakritze",https://kaffeezentrale.at/de/marken/gm-caffe/Biologico-1000.cfm
191,Hausbrandt Academia,"vornehm, intensiv, ausgewogen",https://kaffeezentrale.at/de/marken/hausbrandt/Academia_250.cfm
192,"MAME Danilo El Diamante, FilterrÃ¶stung","Noten von Apfel, Trauben und Zimt",https://kaffeezentrale.at/de/marken/mame/El-Diamante-Filter-250.cfm
193,RickliS KaffeerÃ¶sterei Oscuro ,Dunkel gerÃ¶stete traditionelle Kaffeemischung,https://kaffeezentrale.at/de/marken/ricklis-kaffeeroesterei/Oscuro_1000.cfm
194,"Kafischmitte Kirinyaga, Kenya","ZuckersÃ¼ss, schwer, cremig, kenytypisch tomatig, dunkle Schokolade und ZitrusfrÃ¼chte.",https://kaffeezentrale.at/de/marken/kafischmitte/Ndudu-333.cfm
195,Swipala CafÃ© la Perla,"feinwÃ¼rzig, nussig, vollmundig erinnert an Mocca-Aromen",https://kaffeezentrale.at/de/marken/swipala/Perlbohnen_250.cfm
196,"Kafischmitte La Union, Guatemala","SÃ¼ss, tropische FrÃ¼chte mit einem Hauch von ""Cola-FrÃ¶schli"".  ",https://kaffeezentrale.at/de/marken/kafischmitte/La-Union-333.cfm
197,Mokaflor Miscela Rossa,"SÃ¼ss, vollmundig mit Noten von Kakao und einem leichten Nachgeschmack von ZitrusfrÃ¼chten",https://kaffeezentrale.at/de/marken/mokaflor/Misela-Rosso-1000.cfm
198,Tropical Mountains Concierto,"Cremig, vollmundig mit wÃ¼rzigen Aromen von Muskat und Zedernholz",https://kaffeezentrale.at/de/marken/tropical-mountains/Concierto-250.cfm
199,Tropical Mountains Tesoro,"Dunkle Schokolade mit Noten von Walnuss, Orangenschalen, Tabak und GewÃ¼rzen",https://kaffeezentrale.at/de/marken/tropical-mountains/Tesoro-250.cfm
200,"Ojo de Cafe Guatemala La Senda, FilterrÃ¶stung","Ein sÃ¼sser, fruchtiger und leicht floraler Filterkaffee.",https://kaffeezentrale.at/de/marken/ojo-de-cafe/Guatemala-La-Senda-Filter-250.cfm
201,Black and Blaze Season Special,"Spannende Aromen, komplexe SÃ¤uren und viel SÃ¼sse",https://kaffeezentrale.at/de/marken/black-and-blaze/Season-special-1-250.cfm
202,"Stoll Mexiko, Bio","SÃ¼ss, malzig, fruchtig, wÃ¼rzig, ausgewogen und samtig",https://kaffeezentrale.at/de/marken/stoll/Mexiko-250.cfm
203,"Kafischmitte Esperanza Natural, Costa Rica","Erdbeer- und Vanille-Softeis, Ananas, Orange",https://kaffeezentrale.at/de/marken/kafischmitte/Esperanza-Natural-333.cfm
204,"Miro Coffee Gersi, Ãthiopien, mittlere RÃ¶stung",,https://kaffeezentrale.at/de/marken/miro-coffee/Gersi-Ethiopia-250.cfm
205,"Kafischmitte Sophies Lot, Honduras","Orangen, gebrannte Mandeln und Johannisbeeren, ausgewogen mit geringer SÃ¤ure. ",https://kaffeezentrale.at/de/marken/kafischmitte/El-Volcan-333.cfm
206,Mauro De Luxe 70/30,"schokoladig, harmonisch, wÃ¼rzig, aromatisch",https://kaffeezentrale.at/de/marken/mauro/De-Luxe-250.cfm
207,"Rast Blue Mountain, Wallenford Estate","Fruchtig, sÃ¼ss, mittlerer KÃ¶rper mit starkem Abgang, duftet nach dunklen Beeren und Mandarine mit Aromen von Erdnuss, Haselnuss, Karamell und Schokolade.",https://kaffeezentrale.at/de/marken/rast/Blue-Mountain_250.cfm
208,Mauro Centopercento,"Fruchtig, blumig, intensiv und lang anhaltend",https://kaffeezentrale.at/de/marken/mauro/Centopercento-250.cfm
209,RickliS KaffeerÃ¶sterei Royal Arabica,"Ausgewogenen, rund und leicht fruchtig, perfekt fÃ¼r CafÃ© CrÃ¨me",https://kaffeezentrale.at/de/marken/ricklis-kaffeeroesterei/Royal-Arabica_1000.cfm
210,Salimbene Caffetteria,"Vollmundig, intensiv, rund und zartbitter mit starken KÃ¶rper.",https://kaffeezentrale.at/de/marken/salimbene/Caffetteria-250.cfm
211,"MAME Pearl, EspressorÃ¶stung","schokoladig, cremig, langanhaltend",https://kaffeezentrale.at/de/marken/mame/Pearl-Espresso-250.cfm
212,Zermatt RÃ¶sterei Mahorn,"Bergamotte, Schwarze Johannisbeere, Honig mit leicht blumigem Abgang",https://kaffeezentrale.at/de/marken/zermatt-roesterei/Mahorn-250.cfm
213,Rast Yirga Cheffe,"Fruchtig, starker KÃ¶rper mit einem Duft nach Jasmin und OrangenblÃ¼tte, Aromen von Limettenzeste, Pfirsich und Lakritze.",https://kaffeezentrale.at/de/marken/rast/Yirga-Cheffe_250.cfm
214,"CafÃ© Tacuba Finca los Angeles, El Salvador","Angenehme weiche SÃ¤ure, voller KÃ¶rper, Zuckerrohr, saftiger Geschmack nach Mandarine, langer sÃ¼sser Nachgeschmack.",https://kaffeezentrale.at/de/marken/cafe-tacuba/Finca-los-Angeles-250.cfm
215,"MAME Birhanu, EspressorÃ¶stung","blumig mit Geschmacksnoten von Veilchen und Heidelbeeren, cremige Textur",https://kaffeezentrale.at/de/marken/mame/Birhanu-Espresso-250.cfm
216,Bristot Speciale,"Weicher, runder und vollmundiger Kaffee. Noten von Malz, Karamell und NÃ¼ssen.",https://kaffeezentrale.at/de/marken/bristot/Speciale_1000.cfm
217,"Rast Taioba, Fazenda Agua Limpa","Starker KÃ¶rper mit langem Abgang, duftet nach dunklen Beeren und Aprikose mit Aromen von Bitterschokolade, Lebkuchen, Karamell und Kandis",https://kaffeezentrale.at/de/marken/rast/Taioba_250.cfm
218,"Vertical Coffee Breakway, EspressorÃ¶stung",Vanille und dunkler Schokoladen. Eine sÃ¼sse Tasse mit niedrigem SÃ¤uregehalt und vollem KÃ¶rper,https://kaffeezentrale.at/de/marken/vertical-coffee/Breakway-250.cfm
219,"MAME El Paraiso red, EspressorÃ¶stung","rote FrÃ¼chte, Noten von Drachenfrucht, Granatapfel und Hibiskus ",https://kaffeezentrale.at/de/marken/mame/El-Paraiso-red-Espresso-250.cfm
220,MAME Decaf mittlere RÃ¶stung,sÃ¼ss mit Noten von Marzipan und tropischen FrÃ¼chten,https://kaffeezentrale.at/de/marken/mame/Decaf-250.cfm
221,"CafÃ© Tacuba La Familia, Finca bella vista, El Salvador","Mandel, fruchtig, mittlerer weicher KÃ¶rper, Geschmack nach Zuckerrohr und Karamel, weicher sÃ¼sser Nachgeschmack.",https://kaffeezentrale.at/de/marken/cafe-tacuba/Finca-bella-vista-250.cfm
222,"La Semeuse Planadas, Kolumbien, Bio","Feine, blumige Noten von Jasmin und fruchtigen Aromen von Pfirsich und schwarzer Johannisbeere.",https://kaffeezentrale.at/de/marken/la-semeuse/Planadas-250.cfm
223,Stadt RÃ¶sterei Haus Kaffee,"Beere, Nelke, Cola, Mango, Pfirsich, roter Apfel, tropische FrÃ¼chte",https://kaffeezentrale.at/de/marken/stadt-roesterei/Shembati-24-500.cfm
224,"Henauer Kaffee San Luis, P14","Mittelstark, intensiv, komplex, ausgewogen mit Noten von Hibiskus, Nektarine und Schwarztee",https://kaffeezentrale.at/de/marken/henauer-kaffee/San-Luis-250.cfm
225,"Vertical Coffee Mexico Decaf, EspressorÃ¶stung","Brownies, Pflaumen, Lebkuchen, viel SÃ¼sse, voller KÃ¶rper",https://kaffeezentrale.at/de/marken/vertical-coffee/Mexico-Decaf-250.cfm
226,"Ojo de Cafe Colombia Geisha, FilterrÃ¶stung",Helle RÃ¶stung mit fantastischen floralen und sÃ¼ssen Noten,https://kaffeezentrale.at/de/marken/ojo-de-cafe/Colombia-Geisha-Filter-250.cfm
227,Tropical Mountains Angelito,"WÃ¼rzig, Haselnuss, Schokolade, leicht fruchtig und ausgewogen",https://kaffeezentrale.at/de/marken/tropical-mountains/Angelito-250.cfm
228,"Kafischmitte Aquiares, Costa Rica","Pflaumen, Ingwer, Lakritze. Sehr sÃ¼ss und fruchtig.",https://kaffeezentrale.at/de/marken/kafischmitte/Aquiares-333.cfm
229,Vertical Coffee Queen K,Milchschokolade und Steinobst mit vollem KÃ¶rper,https://kaffeezentrale.at/de/marken/vertical-coffee/Queen-K-Mexico-250.cfm
230,Costadoro Espresso,"vollmundig, elegant und aromatisch",https://kaffeezentrale.at/de/marken/costadoro/Caffe_250.cfm
231,"valandtins garden Isule Blend, Uganda","SÃ¼ss, krÃ¤ftig, schokoladig, ausgewogen mit einem vollen KÃ¶rper",https://kaffeezentrale.at/de/marken/valandtins-garden/Isule-Blend-500.cfm
232,"Rast Sigri, Wahgi Valley","Nussig, leicht fruchtig und hat einen gehaltvollen KÃ¶rper, duftet nach reifen Grapefruits.",https://kaffeezentrale.at/de/marken/rast/Sigri_250.cfm
233,"Miro Coffee El Palto, Peru, EspressorÃ¶stung","Birne, Grapefruit, karamellisierte Pekannuss, weicher KÃ¶rper",https://kaffeezentrale.at/de/marken/miro-coffee/El-Palto-Peru-250.cfm
234,Bristot Sublime,"Intensiv, zart und sanft zugleich. GerÃ¶stete HaselnÃ¼sse, Rohrzucker und Getrocknete FrÃ¼chte.",https://kaffeezentrale.at/de/marken/bristot/Sublime_1000.cfm
235,ParanÃ  Espresso Italiano,"vollmundig, cremig und schokoladig",https://kaffeezentrale.at/de/marken/parana/Espresso-Italiano_250.cfm
236,"MAME Full Bloom, EspressorÃ¶stung","nussig, weich, ausgewogen",https://kaffeezentrale.at/de/marken/mame/Full-Bloom-Espresso-250.cfm
237,"MAME El Paraiso red, FilterrÃ¶stung","intensiv, rote FrÃ¼chte, Noten von Drachenfrucht, Granatapfel und Hibiskus ",https://kaffeezentrale.at/de/marken/mame/El-Paraiso-red-Filter-250.cfm
238,"MAME El Paraiso pink, FilterrÃ¶stung","zitrisch, blumig mit Noten von Pfirsich",https://kaffeezentrale.at/de/marken/mame/El-Paraiso-pink-Filter-250.cfm
239,"Rast Iglesia, Finca Hamburgo","Duftet nach Honigbrot mit Aromen Limette, Assam-Tee, Mandel und Walnuss.",https://kaffeezentrale.at/de/marken/rast/Iglesia_250.cfm
240,Chicco d'Oro CaffÃ¨ Indonesia,"krÃ¤ftig, intensiv, nachhaltig mit Schokoladennoten",https://kaffeezentrale.at/de/marken/chicco-doro/Caffe-Indonesia-250.cfm
241,"Horizonte Traditional, EspressorÃ¶stung","Karamell, brauner Zucker, Nuss und sÃ¼sse Limette.",https://kaffeezentrale.at/de/marken/horizonte/Traditional-333.cfm
242,"CafÃ© Tacuba Finca la Esperanza, El Salvador","Blumig, Geschmack nach grÃ¼nen Ãpfel, voller runder KÃ¶rper, Nachgeschmack nach Mandarinen.",https://kaffeezentrale.at/de/marken/cafe-tacuba/Finca-la-Esperanza-250.cfm
243,El Imposible Roasters Karmin,Fruchtig mit Aromen von Grapefruit und Bittermandel,https://kaffeezentrale.at/de/marken/el-imposible-roasters/Karmin-250.cfm
244,"valandtins garden Isule Natural, Uganda","SÃ¼ss, krÃ¤ftig, leicht fruchtig mit einer milden SÃ¤ure",https://kaffeezentrale.at/de/marken/valandtins-garden/Isule-Natural-500.cfm
245,Salimbene Caffetteria,"Vollmundig, intensiv, rund und zartbitter mit starken KÃ¶rper.",https://kaffeezentrale.at/de/marken/salimbene/Caffetteria-500.cfm
246,Sirocco Platinum Crema,"Fruchtig, blumig, fein und bekÃ¶mmlich",https://kaffeezentrale.at/de/marken/sirocco/Platinum_Crema_250.cfm
247,"BlasercafÃ© Terroir, Kenya Kianjege","Limited Edition: Viel SÃ¼sse, fruchtig mit Noten von Hagebutten, Orangen und Cranberries. Seidiges MundgefÃ¼hl",https://kaffeezentrale.at/de/marken/blasercafe/Kenya-Kianjege-250.cfm
248,El Imposible Roasters TÃ¼rkis,Mild mit Aromen von Walnuss und Aprikose,https://kaffeezentrale.at/de/marken/el-imposible-roasters/Tuerkis-250.cfm
249,Rast Vilcabamba,"wÃ¼rzig, leicht fruchtig, lang anhaltenden, duftet blumig und nach dunkle Beeren mit Aromen von dunkle Schokolade",https://kaffeezentrale.at/de/marken/rast/Vilcabamba_250.cfm
250,"Horizonte Leal, EspressorÃ¶stung","SÃ¼ss, Schokolade, Orange und Karamell",https://kaffeezentrale.at/de/marken/horizonte/Leal-333.cfm
251,"Birchbach Barokah Bersama, Espresso","Samtig intensiv, Erdbeere und Passionsfrucht",https://kaffeezentrale.at/de/marken/birchbach/Barokah-Bersama-200.cfm
252,"Rast Vista Alegre, Fazenda Vista Alegre","WÃ¼rzig, nussig, duftet nach Cacao mit Aromen von Steinobst, Haselnuss und Honig",https://kaffeezentrale.at/de/marken/rast/Da-Lagoa-250.cfm
253,"Ojo de Cafe Panama Drima Zede, FilterrÃ¶stung",Sehr experimenteller Competition Coffee fÃ¼r Filtermethoden. ,https://kaffeezentrale.at/de/marken/ojo-de-cafe/Drima-Zede-Filter-250.cfm
254,Diemme Winter Blend,,https://kaffeezentrale.at/de/marken/diemme/Winter-Blend-500.cfm
255,"BlasercafÃ© Terroir, Yemen Haraaz Sharqi","Limited Edition: SÃ¼sse GewÃ¼rze, schokoladig mit Noten von Caramel, Steinobst und brauner Zucker. Cremiges, samtiges MundgefÃ¼hl",https://kaffeezentrale.at/de/marken/blasercafe/Haraaz-Sharqi-250.cfm
256,"Vertical Coffee Brazil Diamond, EspressorÃ¶stung",Haselnuss und Milchschokolade. Eine sÃ¼sse und ausgewogene Tasse mit cremigem KÃ¶rper,https://kaffeezentrale.at/de/marken/vertical-coffee/Brazil-Diamond-Espresso-250.cfm
257,Zermatt RÃ¶sterei Maddog,"Schokolade, NÃ¼sse, Orangen, Melasse Noten von weissem Pfeffer und Kokos.",https://kaffeezentrale.at/de/marken/zermatt-roesterei/Maddog-250.cfm
258,"La Semeuse Echemo, Ãthopien, Bio","Vollmundig, fruchtig, wÃ¼rzig, Aromen mit Noten von Grapefruit und Schokolade im Abgang",https://kaffeezentrale.at/de/marken/la-semeuse/Dulli-250.cfm
259,GM CaffÃ¨ Black Pearl,"Sondereditionen: Stark, vollmundig mit Noten von Bitterschokolade und Lakritze",https://kaffeezentrale.at/de/marken/gm-caffe/Black-Pearl-1000.cfm
260,"CafÃ© Tacuba La Familia, Finca los laureles, El Salvador",Fruchtig und dunkle Schokolade,https://kaffeezentrale.at/de/marken/cafe-tacuba/Finca-los-laureles-250.cfm
261,"drip roasters Rwanda Kamajumba, Espresso","Orange, Schwarztee, Schokolade",https://kaffeezentrale.at/de/marken/drip-roasters/Rwanda-Kamajumba-250.cfm
262,"MAME Kiaga, EspressorÃ¶stung",,https://kaffeezentrale.at/de/marken/mame/Kiaguthu-Espresso-250.cfm
263,"La Semeuse CaparaÃ³, Brasilien","Ausgewogen, rund und lieblich mit Noten von Honig und Melasse",https://kaffeezentrale.at/de/marken/la-semeuse/Caparao-250.cfm
264,Chicco d'Oro CaffÃ¨ Honduras,"WÃ¼rzig, blumig und fruchtig, sanften und weichen KÃ¶rper",https://kaffeezentrale.at/de/marken/chicco-doro/Caffe-Honduras-250.cfm
265,"CafÃ© Tacuba Mezcla de la casa, El Salvador",Hausmischung mit einem starken runden KÃ¶rper und komplexen fruchtigen Eigenschaften.,https://kaffeezentrale.at/de/marken/cafe-tacuba/Mezcla-de-la-casa-250.cfm
266,"Rast Plantation, RFA","SÃ¼ss, wÃ¼rzig, duftet nach gerÃ¶steten HaselnÃ¼ssen mit Aromen von Himbeeren und Schokolade.",https://kaffeezentrale.at/de/marken/rast/Plantation_250.cfm
267,Chicco d'Oro CaffÃ¨ India,"Schokolade, gerÃ¶stetes Brot, stark und vollmundig",https://kaffeezentrale.at/de/marken/chicco-doro/Caffe-India-250.cfm
268,Chicco d'Oro CaffÃ¨ PerÃ¹,"Malz, Zimt und Pekannuss, ausgewogen und vollmundig",https://kaffeezentrale.at/de/marken/chicco-doro/Caffe-Peru-250.cfm
269,"Ojo de Cafe Guatemala La Senda, EspressorÃ¶stung","SchÃ¶n sÃ¼sser, leicht fruchtiger und floraler Espresso.",https://kaffeezentrale.at/de/marken/ojo-de-cafe/Guatemala-La-Senda-Espresso-250.cfm
270,"Rast Antigua, La Ceiba","mittlerer KÃ¶rper, feinste, leichte SÃ¤ure und reichem Aroma nach HaselnÃ¼ssen bis zartbitterer Schokolade.",https://kaffeezentrale.at/de/marken/rast/Antigua_250.cfm
271,"Ojo de Cafe Brasil, EspressorÃ¶stung","Klassischer Espresso, voller KÃ¶rper, sÃ¼ss und kaum SÃ¤ure",https://kaffeezentrale.at/de/marken/ojo-de-cafe/Brasil-Espresso-250.cfm
272,Haenowitz & Page Guatemala Schwenderer,"Sehr Fruchtig, leicht sirupiges MundgefÃ¼hl, feine Balance, komplexe Aromavielfalt mit viel KÃ¶rper.",https://kaffeezentrale.at/de/marken/haenowitz-page/Guatemala-Schwenderer-250.cfm
273,Haenowitz & Page Equador,"Milde florale Note, karamellige Nuss, sahnige Schokolade, guter KÃ¶rper, feine Zuckerrohr- SÃ¼sse, sirupartiges MundgefÃ¼hl, langer Nachgeschmack mit einem Hauch Zitruszeste",https://kaffeezentrale.at/de/marken/haenowitz-page/Equador-250.cfm
274,"Rast Mandheling, Menagold, Gayo","wÃ¼rzig, blumig, leicht nussig und fruchtig, mittlerer KÃ¶rper und langanhaltender Abgang.",https://kaffeezentrale.at/de/marken/rast/Mandheling_250.cfm
275,Haenowitz & Page Ãthiopien,"Zitrus, Beeren, Bergamotte, florale Noten, lebendige SÃ¤ure, leichte SÃ¼sse, runder cremiger KÃ¶rper",https://kaffeezentrale.at/de/marken/haenowitz-page/Aethiopien-250.cfm
276,"Rast Limu, Ãthiopien","SÃ¼ss, fruchtig, blumig, Geschmack nach Aprikose, tropische FrÃ¼chte und Schwarztee",https://kaffeezentrale.at/de/marken/rast/Limu-250.cfm
277,"MAME Kiaga, FilterrÃ¶stung",,https://kaffeezentrale.at/de/marken/mame/Kiaguthu-Filter-250.cfm
278,Salimbene Deliziosa,"Stark, cremig, sÃ¼ss mit Haselnuss Noten",https://kaffeezentrale.at/de/marken/salimbene/Deliziosa-250.cfm
279,"La Semeuse Baba, Indien","Waldig, wÃ¼rzig, schokoladig, Malz, HaselnÃ¼sse und Schokolade",https://kaffeezentrale.at/de/marken/la-semeuse/Baba-250.cfm
280,GM CaffÃ¨ Nobile,"sÃ¼ss, samtig mit vollem Abgang",https://kaffeezentrale.at/de/marken/gm-caffe/Nobile_500.cfm
281,SchreyÃ¶gg CaffÃ¨ Crema,"cremig, aromatisch und weich",https://kaffeezentrale.at/de/marken/schreyoegg/Caffe-Crema-ESE-15.cfm
282,El Imposible Roasters Coral,Fruchtig mit Aromen von Grapefruit und Bittermandel,https://kaffeezentrale.at/de/marken/el-imposible-roasters/Coral-250.cfm
283,Jolly Venere,"SÃ¼ss, blumig, getrocknete FrÃ¼chte, bitterer Kakao mit einem mittleren KÃ¶rper",https://kaffeezentrale.at/de/marken/jolly/Venere- 150.cfm
284,Bristot Tiziano,"Ein edeler, cremiger & nussiger Kaffee der mit vollem KÃ¶rper Ã¼berzeugt",https://kaffeezentrale.at/de/marken/bristot/Tiziano_1000.cfm
285,Claro Lalitpur,"sÃ¼ss, fruchtig und wÃ¼rzig",https://kaffeezentrale.at/de/marken/claro/Lalitpur-500.cfm
286,CaffÃ¨ Vergnano Espresso,"Fruchtig, schokoladig, vollmundig mit einem langen Abgang",https://kaffeezentrale.at/de/marken/caffe-vergnano/Espresso_1000.cfm
287,CaffÃ¨ Vergnano Antica Bottega,"samtig, weich, ausgewogen mit Aromen von Bitterschokolade",https://kaffeezentrale.at/de/marken/caffe-vergnano/Antica-Bottega_1000.cfm
288,CaffÃ¨ Vergnano 100% Arabica Bio,"samtig, weich, ausgewogen mit Aromen von Bitterschokolade",https://kaffeezentrale.at/de/marken/caffe-vergnano/Arabica-Bio-1000.cfm
289,Casa del CaffÃ¨ Gran Aroma,"Nussig, schokoladig, cremig und aromatisch",https://kaffeezentrale.at/de/marken/casa-del-caffe/Gran-Aroma_1000.cfm
290,Diemme Miscela Blu,"schokoladig, cremig, harmonisch, lang anhaltend",https://kaffeezentrale.at/de/marken/diemme/Miscela-Blu-500.cfm
291,Diemme Miscela Aromatica,"Fruchtig, aromatisch mit Nuancen von Schokolade",https://kaffeezentrale.at/de/marken/diemme/Miscela-Aromatica-1000.cfm
292,GM CaffÃ¨ Incanto,"Sonderedition: SÃ¼ss, vollmundig mit Noten von Schokolade und Tabak",https://kaffeezentrale.at/de/marken/gm-caffe/Incanto-1000.cfm
293,"Vertical Coffee Ethiopia, Arsosala EspressorÃ¶stung","Erdbeeren, Pfirsich, Karamell, voller KÃ¶rper",https://kaffeezentrale.at/de/marken/vertical-coffee/Ethiopia-Arsosala-250.cfm
294,Haenowitz & Page Villain,"GemeingefÃ¤hrlich stark, tief, dunkel, intensiv mit dicke Crema",https://kaffeezentrale.at/de/marken/haenowitz-page/Villain-250.cfm
295,El Imposible Roasters Kobalt,Fruchtig mit Aromen von Grapefruit und Bittermandel,https://kaffeezentrale.at/de/marken/el-imposible-roasters/Kobalt-250.cfm
296,"Ojo de Cafe Colombia Barreras, EspressorÃ¶stung",Leicht fruchtige Espresso-RÃ¶stung. Klassisch und ausgewogen.,https://kaffeezentrale.at/de/marken/ojo-de-cafe/Colombia-Barreras-Espresso-250.cfm
297,"Ojo de Cafe Latino Blend, EspressorÃ¶stung","Klassischer Espresso, viel KÃ¶rper, sÃ¼ss und leicht fruchtig",https://kaffeezentrale.at/de/marken/ojo-de-cafe/Latino-Blend-Espresso-250.cfm
298,,"Ojo de Cafe Latino Blend, EspressorÃ¶stung",https://kaffeezentrale.at/de/marken/schreyoegg/Espresso-Bio-500.cfm
299,,"Ojo de Cafe Latino Blend, EspressorÃ¶stung",https://kaffeezentrale.at/de/marken/la-semeuse/Zero-degrees-winter-edition-250.cfm
300,"Kaffa Opina Dembi, Wild Coffee Collection No 5","Zart, weich im Mund mit Noten von Avocados, Panna Cotta und Rosenwasser",https://kaffeezentrale.at/de/marken/kaffa/Opina-Dembi-400.cfm
301,CoffeeCurator CuvÃ©e No 1,"Kurz, intensiv, schwer, nussig und stark.",https://kaffeezentrale.at/de/marken/coffeecurator/Cuvee-No-1-500.cfm
302,Diemme Puro Bio,,https://kaffeezentrale.at/de/marken/diemme/Puro-Bio-1000.cfm
303,"Rast Sidamo, Kuru, Addis Abeba","blumig, beerig und mit Milch entwickelt sich einen feinen Caramel-Geschmack",https://kaffeezentrale.at/de/marken/rast/Sidamo_250.cfm
304,"Rast Camar, Peru","Walnuss, Schokolade, Bittermandel und Grapefruit",https://kaffeezentrale.at/de/marken/rast/Camar-250.cfm
305,,"Rast Camar, Peru",https://kaffeezentrale.at/de/marken/rast/Butihinda-250.cfm
