coffee_title,roaster,coffee_country,flavours,Production
Sitio Tres Baras,Brew Coffee Plus,Brazil,"Cherry,Chocolate,Complex",Pulped Natural
Bookisa ,Coaltown,Ethiopia,"Orange,Jasmine honeysuckle,Molasses",Natural
Rafael Amaya ,The Roasting Shed,Colombia,"Cacao nibs,Lychee,Rose petals",Natural
Finca Bethania,Yallah,Nicaragua,"Tropical,Jammy,Guava,Syrupy-sweet",Natural
Jose Angel Parra,Coaltown,Colombia,"Maple syrup,Demerara sugar,Plum",Washed
Finca Pompeya,Coffee By the Casuals,Peru,"Caramel,Orange,Peach",Natural
Toraja ,Yallah,Indonesia,"Tobacco,Pomegranate,Cherry,Red fruit",Semi-washed
Buki ,Kiss the Hippo,Rwanda,"Red apple,Peach,Strawberry",Honey
Roberto Bernardes,St Martins Coffee Roasters,Brazil,"Blood orange,Green apple,Brazil nuts",Natural
Roberto Ortiz,Coaltown,Peru,"Red apple,Maple syrup,Dark chocolate",Natural
Santuario ,Full Court Press,Colombia,"Mandarin,Green apple,elderflower",Washed
Fazenda Rainha Da Paz,North Star,Brazil,"Milk chocolate,Date,Hazlenut",Natural
Bolivia edition 22.002,Hasbean,Bolivia,"Raisin,Toffee,Passion fruit,Satsuma",Washed
Propeller,The Gentleman Baristas,Rwanda,"Rhubarb,Strawberry,Red currant,Red grape",Natural
Mio 1988 micro lot,Plot,Brazil,"Fruit and nut,Raisins,Milk chocolate,Hazlenut",Natural
Frameworks Espresso Blend,Cold Blow Coffee,"Colombia,Brazil,Ethiopia","Chocolate,Praline,Red fruit",N/a
Vinhal Cafes Artesanais,Hundred House Coffee,Brazil,"Popcorn,Glazed doghnuts,Coconut",Washed fermentation
Herrera Java,Round Hill Roastery,Honduras,"Hibiscus,Liquorice,Turkish delight",Washed
El Resplandor,Mr Tinto,Colombia,"Orange blossom,Panela,Grapefruit,Peach,Lime",Washed
Aracelly Robles,Girls Who Grind Coffee,Costa Rica,"Almond,Fudge,Green apple,Fresh apricot",Washed
Colombia,Hound Coffee Co,Colombia,"Red apple,Butterscotch,Brazil nuts",Washed
Frutos del Corcovado ,Campbell and Syme,Peru,"Gooseberry,Rooibos",Washed
Eastern Promise,Corojo,Sumatra,"Black pepper,Citrus",Washed
Jose Martinez,Calendar Coffee,Colombia,"Cinnamon,Peach","Double anaerobic Honey,Washed"
Alto del Obispo,Coffee By the Casuals,Colombia,"Chocolate,Caramel,Orange",Washed
Tropical Bahia,UE Coffee Roasters,Brazil,"Pineapple,Milk chocolate,Almond",Natural
No Boundaries Brew,Caravan Coffee Roasters,"Colombia,Rwanda","Berry jam,Molasses,Sweet tea","Washed,Natural"
Colombia El Carmen,Milk and Beans,Colombia,"Chocolate,Berries",Washed
Domingo Antonio,Cult Espresso,Mexico,"Caramel,Pear,Biscuit",Washed
Don Mayo,Ozone,Costa Rica,"Lemon,Orange zest,Bakers chocolate",Yellow Honey
Don Joel,Ozone,Costa Rica,"Nectarine,Honey,Tropical fruit",Yellow Honey
1 Pull,Bubblehead Barista,"Ethiopia,Peru,Sumatra","Spice,Gingerbread",N/a
Kotowa mandarina,Mr Coffee,Panama,"Jasmine,Lemon,Peach,Meringue pie",Washed
DoI Pangkhon,Ozone,Thailand,"Raisin,Brown sugar,Cream",Natural
Sweet,Common,Brazil,"Chocolate,Rum and raisin,Berry",Anaerobic natural
Shady Bader,Fireheart Coffee,Colombia,"Neapolitan ice cream,Custard cream,Biscotti","Anaerobic Fermentation,Natural"
Nui and Aoy’s Double Anaerobic Honey,Hasbean,Thailand,"Orange creme,Milk chocolate,Nutmeg",Double anaerobic Honey
Fazenda Cruziero,New Era,Brazil,"Milk chocolate,Cherry,Hazelnut",Natural
"Ana, Cris and Renata",Girls Who Grind Coffee,Brazil,"Pomelo,Gummy sweets,Black cherry",Natural
Staple,Monk,"Brazil,India","Cocoa,Hazlenut,Dried fruit","Natural,Pulped Natural"
Finca Argentina,Hasbean,El Salvador,"Lemon,Orange,Citrus,Herbal,Hops",Washed
Super Tasty Decaf,Wild Heart Coffee ,Colombia,"Sweet,Syrupy,Juicy",Sugarcane
Villamaria,Wild Heart Coffee ,Colombia,"Sweet,Silky,Choco",Washed
Bekele Guye,Wild Heart Coffee ,Ethiopia,"Syrupy,Fresh",Natural
Peace and Love,Dark Arts,Guatemala,"Plum,Golden syrup,Peach",Washed
El Fuerte Longberry,Hasbean,Bolivia,"Stewed plum,Bruised peach,Cola,Green apple",Natural
Sul de Minas,Volcano Coffee,Brazil,"Date,Nougat,Lychee",Natural
Arbar la Isla ,Hasbean,Costa Rica,"Blackberry,Lime,Dark chocolate",Yellow honey kenia
Don Joel Finca La Cumbre de San Luis,Hasbean,Costa Rica,"Apricot,Orange,Lemon",Yellow Honey
Aylesbury Blend,Redemption Roasters,"Brazil,Colombia,Burundi","Frangipane,Cherry,Macadamia","Natural,Washed"
El Fuerte,Hasbean,Bolivia,"Honey & lemon,Green banana,Tangerine",Natural
La Linda,Hasbean,Bolivia,"Cherry,Sultana,Bruised plum",Natural
Las Brisas,Yallah,Colombia,"Brown sugar,Citric,Orange,Red fruit",Washed
Guilty Pleasure,Cairngorm Coffee,"Brazil,Costa Rica","Chocolate,Caramel","Washed,Anaerobic Fermentation"
Timor-Leste,Hard Lines,Timor-leste,"Strawberry,Hazlenut,Syrupy",Washed
Julio Gonzalez,Hasbean,Bolivia,"Lemon,Peach yogurt",Washed
12,Backyard Coffee,"Brazil,Uganda","Chocolate,Marzipan,Cinnamon,Candy floss",N/a
Dulima,Maude,Colombia,"Red currant,Milk chocolate,Almond",Washed
Cajamarca,Frequency,Peru,"Green apple,Assam tea",Washed
Finca Las Brunas ,Hasbean,El Salvador,"Glace Cherry,Lime zest,Mango,Brown sugar,Jelly tots",Natural
Yolanda Dos,Long and Short,Honduras,"Passion fruit,Papaya,Peach","Natural,Carbonic Maceration"
Mchezi Hill,Manifesto Coffee,Malawi,"Cherry,Pomegranate,Dark Rum",Washed
Migoti Hill,Obadiah ,Burundi,"Milk chocolate,Black cherry",Natural
Mountain rescue Colombia,Red bank,Colombia,"Milk chocolate,Cherry Jam,Frangipane",Washed
83,Backyard Coffee,Peru,"Cola,Grapes,Apples,Brown sugar,Hazlenut",Washed
Jaisookern Family Farm,Hasbean,Thailand,"Dundee cake,Glace Cherry,Dark Rum",Natural
1829,WatchHouse,Colombia,"Biscoff,Maple syrup,Mandarin",Honey
House Espresso,Assembly,El Salvador,"Peach,Green apple,Date",Honey
Diego Robelo ,Assembly,Costa Rica,"Tinned apricots,Amaretto",Anaerobic Fermentation
Under Milk Wood,Darkwoods Coffee,"Brazil,India,Ethiopia","Caramel,Stewed fruits,Praline","Natural,Washed"
Original Espresso Blend,Uncommon Ground,"Sumatra,Colombia,Brazil","Plum,Toffee,Chocolate Orange",N/a
Don Joel Finca Carmela,Hasbean,Costa Rica,"Lime,Cantaloupe melon,Fresh plum,Light brown sugar",Red Honey Kenia
La Florida,Kogarashi,Colombia,"Caramel,Chocolate,Green apple",Washed
Migoti Hill,Girl With a Portafter,Burundi,"Cinnamon,Black cherry,Milk chocolate",Washed
Stovepipe,The Gentleman Baristas,"Brazil,Rwanda","Chocolate,Dried fruit,Soft brown sugar",Washed
Natural Bourbon Petites,Hasbean,El Salvador,"Sultana,Dried apple,Liquorice",Natural
Monte Carmelo,New Ground Coffee,Brazil,"Hazelnut,Raisin,Milk chocolate",Natural
Finca La Ilusion,Hasbean,El Salvador,"Strawberry jam,Peach,Orange",Natural
Los Papales,Maude,Nicaragua,"Lemon,Red wine,Parma Violets",Anaerobic Fermentation
Brazil Cachoeira,Missing Bean,Brazil,"Praline,Dark chocolate",Natural
Bells,Mission Coffee Works,"Peru,Brazil","Milk chocolate,Tangerine,Hazelnut","Natural,Washed"
Espresso Blend,Element Coffee,"Brazil,Honduras","Vanilla,Caramel",N/a
Espirito Santo ,Catalyst,Brazil,"Peach,Dark chocolate,Raisin",Pulped Natural
Paranaiba Cachoeira,Lost Sheep Coffee,Brazil,"Chocolate,Toffee,Fudge",Natural
Huehuetenango,Routes,Guatemala,"Chocolate,Maple syrup,Pineapple",Washed
Chapadão de Ferro ,Kofra,Brazil,"Cherry,Walnut",Natural
Tacu ,Modern Standard,Bolivia,Praline,Washed
La Colina,The Roasting Shed,Guatemala,"Marzipan,Milk chocolate,Orange zest",Washed
House Coffee,Yallah,Brazil,"Date,Dark chocolate,Brown sugar",Natural
Original Espresso,Extract,"Colombia,El Salvador,Guatemala","Toffee,Malted milk,Red berry",N/a
Resolute,Origin,"Colombia,El Salvador,Peru","Caramel,Milk chocolate,Stewed plum",N/a
San Fermin,Origin,Colombia,"Orange Sherbet,Caramel,Berries",Washed
Uganda Bokonzo Dream,Elsewhere Coffee Roasters,Uganda,"Strawberry,Lemon",Natural
Ethiopia Ibrahim Hussein,Moon Roast,Ethiopia,"Citrus,Cream,Lavendar",Washed
De Beauvoir Espresso,Scarlett,Colombia,"Chocolate,Cranberries,Bourbon biscuit",Washed
Heavy Bag Seasonal Espresso,80 Stone Coffee Roasters,"Honduras,Costa Rica","Caramel,Marzipan",Washed
Riders On The Storm,Blind Owl Coffee Co,"Colombia,Brazil","Honey,Chocolate Biscuit,Fruity",N/a
Pe de cedro ,Roastworks,Brazil,"White chocolate,Cream,Macadamia",Natural
La Ricuarte ,Lufkin ,Colombia,"Praline,Mandarin,Red toffee apple",Washed
Buftu Gudina Coop,Yallah,Ethiopia,"Peach,Apricot,Floral",Washed
Jemala,Java Hub,"Africa,Central South America","Sweet,Nutty,Chocolate",Natural
